text,Text_duration,text2,text2start,text2duration,corrAns,imageFile,imageDur,Practice.thisRepN,Practice.thisTrialN,Practice.thisN,Practice.thisIndex,key_resp_2.keys,key_resp_2.rt,key_resp_3.keys,key_resp_3.rt,Trial_Response.keys,Trial_Response.corr,secondQuestionResponse.keys,secondQuestionResponse.corr,ISI_Response.keys,ISI_Response.corr,participant,session,date,expName,frameRate,
,,,,,,,,,,,,space,1.1526090460538398,,,,,,,,,,001,2020_Feb_11_1021,SART,59.91173353997398,
,,,,,,,,,,,,,,space,0.6880894467612961,,,,,,,,001,2020_Feb_11_1021,SART,59.91173353997398,
7,0.25,+,0.25,0.001,space,Stimuli/black.jpg,0.001,0,0,0,43,,,,,None,0,None,0,None,0,,001,2020_Feb_11_1021,SART,59.91173353997398,
3,0.25,+,0.25,0.001,none,Stimuli/black.jpg,0.001,0,1,1,3,,,,,None,1,None,1,None,1,,001,2020_Feb_11_1021,SART,59.91173353997398,
0,0.25,+,0.25,0.001,space,Stimuli/black.jpg,0.001,0,2,2,28,,,,,None,0,None,0,None,0,,001,2020_Feb_11_1021,SART,59.91173353997398,
0,0.25,+,0.25,0.001,space,Stimuli/black.jpg,0.001,0,3,3,109,,,,,None,0,None,0,None,0,,001,2020_Feb_11_1021,SART,59.91173353997398,
0,0.25,+,0.25,0.001,space,Stimuli/black.jpg,0.001,0,4,4,91,,,,,None,0,None,0,None,0,,001,2020_Feb_11_1021,SART,59.91173353997398,
0,0.25,+,0.25,0.001,space,Stimuli/black.jpg,0.001,0,5,5,136,,,,,None,0,None,0,None,0,,001,2020_Feb_11_1021,SART,59.91173353997398,
7,0.25,+,0.25,0.001,space,Stimuli/black.jpg,0.001,0,6,6,97,,,,,None,0,None,0,None,0,,001,2020_Feb_11_1021,SART,59.91173353997398,
1,0.25,+,0.25,0.001,space,Stimuli/black.jpg,0.001,0,7,7,101,,,,,None,0,None,0,None,0,,001,2020_Feb_11_1021,SART,59.91173353997398,
4,0.25,+,0.25,0.001,space,Stimuli/black.jpg,0.001,0,8,8,40,,,,,None,0,None,0,None,0,,001,2020_Feb_11_1021,SART,59.91173353997398,
0,0.25,+,0.25,0.001,space,Stimuli/black.jpg,0.001,0,9,9,64,,,,,None,0,None,0,None,0,,001,2020_Feb_11_1021,SART,59.91173353997398,
6,0.25,+,0.25,0.001,space,Stimuli/black.jpg,0.001,0,10,10,150,,,,,None,0,None,0,None,0,,001,2020_Feb_11_1021,SART,59.91173353997398,
9,0.25,+,0.25,0.001,space,Stimuli/black.jpg,0.001,0,11,11,99,,,,,None,0,None,0,None,0,,001,2020_Feb_11_1021,SART,59.91173353997398,
,,,,,,,,,,,,,,,,None,0,None,0,,,,,,,,
