text,Text_duration,text2,text2start,text2duration,corrAns,imageFile,imageDur,Practice.thisRepN,Practice.thisTrialN,Practice.thisN,Practice.thisIndex,key_resp_2.keys,key_resp_2.rt,key_resp_3.keys,key_resp_3.rt,Trial_Response.keys,Trial_Response.corr,secondQuestionResponse.keys,secondQuestionResponse.corr,ISI_Response.keys,ISI_Response.corr,Trial_Response.rt,secondQuestionResponse.rt,participant,session,date,expName,frameRate,
,,,,,,,,,,,,space,0.8100941218435764,,,,,,,,,,,,001,2020_Feb_11_1034,SART,59.95391171089426,
,,,,,,,,,,,,,,space,0.7381005692586768,,,,,,,,,,001,2020_Feb_11_1034,SART,59.95391171089426,
7,0.25,+,0.25,0.001,space,Stimuli/black.jpg,0.001,0,0,0,43,,,,,None,0,None,0,None,0,,,,001,2020_Feb_11_1034,SART,59.95391171089426,
1,0.25,+,0.25,0.001,space,Stimuli/black.jpg,0.001,0,1,1,101,,,,,None,0,None,0,None,0,,,,001,2020_Feb_11_1034,SART,59.95391171089426,
6,0.25,+,0.25,0.001,space,Stimuli/black.jpg,0.001,0,2,2,78,,,,,None,0,None,0,None,0,,,,001,2020_Feb_11_1034,SART,59.95391171089426,
2,0.25,+,0.25,0.001,space,Stimuli/black.jpg,0.001,0,3,3,48,,,,,None,0,None,0,None,0,,,,001,2020_Feb_11_1034,SART,59.95391171089426,
5,0.25,+,0.25,0.001,space,Stimuli/black.jpg,0.001,0,4,4,140,,,,,None,0,None,0,None,0,,,,001,2020_Feb_11_1034,SART,59.95391171089426,
3,0.25,+,0.25,0.001,none,Stimuli/black.jpg,0.001,0,5,5,9,,,,,None,1,None,1,None,1,,,,001,2020_Feb_11_1034,SART,59.95391171089426,
1,0.25,+,0.25,0.001,space,Stimuli/black.jpg,0.001,0,6,6,83,,,,,None,0,None,0,None,0,,,,001,2020_Feb_11_1034,SART,59.95391171089426,
7,0.25,+,0.25,0.001,space,Stimuli/black.jpg,0.001,0,7,7,142,,,,,None,0,None,0,None,0,,,,001,2020_Feb_11_1034,SART,59.95391171089426,
9,0.25,+,0.25,0.001,space,Stimuli/black.jpg,0.001,0,8,8,63,,,,,None,0,None,0,None,0,,,,001,2020_Feb_11_1034,SART,59.95391171089426,
0,0.25,+,0.25,0.001,space,Stimuli/black.jpg,0.001,0,9,9,46,,,,,None,0,None,0,None,0,,,,001,2020_Feb_11_1034,SART,59.95391171089426,
6,0.25,+,0.25,0.001,space,Stimuli/black.jpg,0.001,0,10,10,96,,,,,None,0,None,0,None,0,,,,001,2020_Feb_11_1034,SART,59.95391171089426,
Where was your attention focused? ,5.0,How aware were you of where your attention was?  ,5.0,5.0,"1,2,3,4,5,6",Stimuli/picture.jpg,10.0,0,11,11,160,,,,,4,0,5,0,None,0,3.9782152221450815,3.8466273307130905,,001,2020_Feb_11_1034,SART,59.95391171089426,
,,,,,,,,,,,,,,,,None,0,None,0,,,,,,,,,,
