text,Text_duration,text2,text2start,text2duration,corrAns,imageFile,imageDur,Practice.thisRepN,Practice.thisTrialN,Practice.thisN,Practice.thisIndex,key_resp_2.keys,key_resp_2.rt,key_resp_3.keys,key_resp_3.rt,Trial_Response.keys,Trial_Response.corr,secondQuestionResponse.keys,secondQuestionResponse.corr,ISI_Response.keys,ISI_Response.corr,participant,session,date,expName,frameRate,
,,,,,,,,,,,,space,1.1451857821666636,,,,,,,,,,001,2020_Feb_11_1027,SART,59.72162330377345,
,,,,,,,,,,,,,,space,0.41965399916807655,,,,,,,,001,2020_Feb_11_1027,SART,59.72162330377345,
7,0.25,+,0.25,0.001,space,Stimuli/black.jpg,0.001,0,0,0,106,,,,,None,0,None,0,None,0,,001,2020_Feb_11_1027,SART,59.72162330377345,
0,0.25,+,0.25,0.001,space,Stimuli/black.jpg,0.001,0,1,1,37,,,,,None,0,None,0,None,0,,001,2020_Feb_11_1027,SART,59.72162330377345,
9,0.25,+,0.25,0.001,space,Stimuli/black.jpg,0.001,0,2,2,90,,,,,None,0,None,0,None,0,,001,2020_Feb_11_1027,SART,59.72162330377345,
2,0.25,+,0.25,0.001,space,Stimuli/black.jpg,0.001,0,3,3,48,,,,,None,0,None,0,None,0,,001,2020_Feb_11_1027,SART,59.72162330377345,
4,0.25,+,0.25,0.001,space,Stimuli/black.jpg,0.001,0,4,4,148,,,,,None,0,None,0,None,0,,001,2020_Feb_11_1027,SART,59.72162330377345,
4,0.25,+,0.25,0.001,space,Stimuli/black.jpg,0.001,0,5,5,76,,,,,None,0,None,0,None,0,,001,2020_Feb_11_1027,SART,59.72162330377345,
8,0.25,+,0.25,0.001,space,Stimuli/black.jpg,0.001,0,6,6,134,,,,,None,0,None,0,None,0,,001,2020_Feb_11_1027,SART,59.72162330377345,
1,0.25,+,0.25,0.001,space,Stimuli/black.jpg,0.001,0,7,7,20,,,,,None,0,None,0,None,0,,001,2020_Feb_11_1027,SART,59.72162330377345,
3,0.25,+,0.25,0.001,none,Stimuli/black.jpg,0.001,0,8,8,8,,,,,None,1,None,1,None,1,,001,2020_Feb_11_1027,SART,59.72162330377345,
7,0.25,+,0.25,0.001,space,Stimuli/black.jpg,0.001,0,9,9,115,,,,,None,0,None,0,None,0,,001,2020_Feb_11_1027,SART,59.72162330377345,
3,0.25,+,0.25,0.001,none,Stimuli/black.jpg,0.001,0,10,10,2,,,,,None,1,None,1,None,1,,001,2020_Feb_11_1027,SART,59.72162330377345,
8,0.25,+,0.25,0.001,space,Stimuli/black.jpg,0.001,0,11,11,107,,,,,None,0,None,0,None,0,,001,2020_Feb_11_1027,SART,59.72162330377345,
6,0.25,+,0.25,0.001,space,Stimuli/black.jpg,0.001,0,12,12,60,,,,,None,0,None,0,None,0,,001,2020_Feb_11_1027,SART,59.72162330377345,
1,0.25,+,0.25,0.001,space,Stimuli/black.jpg,0.001,0,13,13,137,,,,,None,0,None,0,None,0,,001,2020_Feb_11_1027,SART,59.72162330377345,
2,0.25,+,0.25,0.001,space,Stimuli/black.jpg,0.001,0,14,14,66,,,,,None,0,None,0,None,0,,001,2020_Feb_11_1027,SART,59.72162330377345,
8,0.25,+,0.25,0.001,space,Stimuli/black.jpg,0.001,0,15,15,44,,,,,None,0,None,0,None,0,,001,2020_Feb_11_1027,SART,59.72162330377345,
6,0.25,+,0.25,0.001,space,Stimuli/black.jpg,0.001,0,16,16,114,,,,,None,0,None,0,None,0,,001,2020_Feb_11_1027,SART,59.72162330377345,
2,0.25,+,0.25,0.001,space,Stimuli/black.jpg,0.001,0,17,17,12,,,,,None,0,None,0,None,0,,001,2020_Feb_11_1027,SART,59.72162330377345,
8,0.25,+,0.25,0.001,space,Stimuli/black.jpg,0.001,0,18,18,26,,,,,None,0,None,0,None,0,,001,2020_Feb_11_1027,SART,59.72162330377345,
0,0.25,+,0.25,0.001,space,Stimuli/black.jpg,0.001,0,19,19,46,,,,,None,0,None,0,None,0,,001,2020_Feb_11_1027,SART,59.72162330377345,
4,0.25,+,0.25,0.001,space,Stimuli/black.jpg,0.001,0,20,20,94,,,,,None,0,None,0,None,0,,001,2020_Feb_11_1027,SART,59.72162330377345,
9,0.25,+,0.25,0.001,space,Stimuli/black.jpg,0.001,0,21,21,99,,,,,None,0,None,0,None,0,,001,2020_Feb_11_1027,SART,59.72162330377345,
8,0.25,+,0.25,0.001,space,Stimuli/black.jpg,0.001,0,22,22,71,,,,,None,0,None,0,None,0,,001,2020_Feb_11_1027,SART,59.72162330377345,
1,0.25,+,0.25,0.001,space,Stimuli/black.jpg,0.001,0,23,23,128,,,,,None,0,None,0,None,0,,001,2020_Feb_11_1027,SART,59.72162330377345,
9,0.25,+,0.25,0.001,space,Stimuli/black.jpg,0.001,0,24,24,144,,,,,None,0,None,0,None,0,,001,2020_Feb_11_1027,SART,59.72162330377345,
5,0.25,+,0.25,0.001,space,Stimuli/black.jpg,0.001,0,25,25,140,,,,,None,0,None,0,None,0,,001,2020_Feb_11_1027,SART,59.72162330377345,
8,0.25,+,0.25,0.001,space,Stimuli/black.jpg,0.001,0,26,26,98,,,,,None,0,None,0,None,0,,001,2020_Feb_11_1027,SART,59.72162330377345,
0,0.25,+,0.25,0.001,space,Stimuli/black.jpg,0.001,0,27,27,100,,,,,None,0,None,0,None,0,,001,2020_Feb_11_1027,SART,59.72162330377345,
0,0.25,+,0.25,0.001,space,Stimuli/black.jpg,0.001,0,28,28,154,,,,,None,0,None,0,None,0,,001,2020_Feb_11_1027,SART,59.72162330377345,
9,0.25,+,0.25,0.001,space,Stimuli/black.jpg,0.001,0,29,29,72,,,,,None,0,None,0,None,0,,001,2020_Feb_11_1027,SART,59.72162330377345,
9,0.25,+,0.25,0.001,space,Stimuli/black.jpg,0.001,0,30,30,27,,,,,None,0,None,0,None,0,,001,2020_Feb_11_1027,SART,59.72162330377345,
8,0.25,+,0.25,0.001,space,Stimuli/black.jpg,0.001,0,31,31,80,,,,,None,0,None,0,None,0,,001,2020_Feb_11_1027,SART,59.72162330377345,
3,0.25,+,0.25,0.001,none,Stimuli/black.jpg,0.001,0,32,32,5,,,,,None,1,None,1,None,1,,001,2020_Feb_11_1027,SART,59.72162330377345,
"Where was your attention focused? 

Please respond with a number between 1 (on task) and 6 (off task). ",5.0,"How aware were you of where your attention was? 

Please respond with a number between 1 (aware) and 6 (unaware). ",5.0,5.0,"1,2,3,4,5,6",Stimuli/picture.jpg,10.0,0,33,33,164,,,,,None,0,None,0,None,0,,001,2020_Feb_11_1027,SART,59.72162330377345,
5,0.25,+,0.25,0.001,space,Stimuli/black.jpg,0.001,0,34,34,68,,,,,None,0,None,0,None,0,,001,2020_Feb_11_1027,SART,59.72162330377345,
,,,,,,,,,,,,,,,,None,0,None,0,None,0,,,,,,
