text,Text_duration,text2,text2start,text2duration,corrAns,slider1Stop,slider2Start,slider2Stop,Practice.thisRepN,Practice.thisTrialN,Practice.thisN,Practice.thisIndex,key_resp_2.keys,key_resp_2.rt,key_resp_3.keys,key_resp_3.rt,Trial_Response.keys,Trial_Response.corr,secondQuestionResponse.keys,secondQuestionResponse.corr,slider1.response,slider1.rt,slider2.response,slider2.rt,ISI_Response.keys,ISI_Response.corr,participant,session,date,expName,frameRate,
,,,,,,,,,,,,,space,2.6242438519839197,,,,,,,,,,,,,,001,2020_Feb_10_1505,SART,59.84317887090498,
,,,,,,,,,,,,,,,space,0.6206230206880718,,,,,,,,,,,,001,2020_Feb_10_1505,SART,59.84317887090498,
1,0.25,+,0.25,0.001,space,0,0,0,0,0,0,65,,,,,None,0,None,0,2.96875,8.426857677171938,2.96875,8.429857106879354,None,0,,001,2020_Feb_10_1505,SART,59.84317887090498,
3,0.25,+,0.25,0.001,none,0,0,0,0,1,1,7,,,,,None,1,None,1,4.0,4.091576142818667,4.0,4.094191572628915,None,1,,001,2020_Feb_10_1505,SART,59.84317887090498,
0,0.25,+,0.25,0.001,space,0,0,0,0,2,2,19,,,,,None,0,None,0,1.9895833333333335,9.694885616889223,1.9895833333333335,9.697605707566254,None,0,,001,2020_Feb_10_1505,SART,59.84317887090498,
8,0.25,+,0.25,0.001,space,0,0,0,0,3,3,62,,,,,None,0,None,0,3.010416666666667,1.601641827612184,3.010416666666667,1.6050252572167665,None,0,,001,2020_Feb_10_1505,SART,59.84317887090498,
8,0.25,+,0.25,0.001,space,0,0,0,0,4,4,71,,,,,None,0,None,0,None,None,1.859375,3.880299235577695,None,0,,001,2020_Feb_10_1505,SART,59.84317887090498,
4,0.25,+,0.25,0.001,space,0,0,0,0,5,5,31,,,,,None,0,None,0,1.03125,2.003710175980814,1.03125,2.0064029161585495,None,0,,001,2020_Feb_10_1505,SART,59.84317887090498,
