text,Text_duration,text2,text2start,text2duration,corrAns,imageFile,imageDur,Practice.thisRepN,Practice.thisTrialN,Practice.thisN,Practice.thisIndex,key_resp_2.keys,key_resp_2.rt,key_resp_3.keys,key_resp_3.rt,Trial_Response.keys,Trial_Response.corr,secondQuestionResponse.keys,secondQuestionResponse.corr,ISI_Response.keys,ISI_Response.corr,participant,session,date,expName,frameRate,
,,,,,,,,,,,,space,1.698554075381253,,,,,,,,,,001,2020_Feb_11_1031,SART,59.85929020548522,
,,,,,,,,,,,,,,space,4.049664684062009,,,,,,,,001,2020_Feb_11_1031,SART,59.85929020548522,
3,0.25,+,0.25,0.001,none,Stimuli/black.jpg,0.001,0,0,0,5,,,,,None,1,None,1,None,1,,001,2020_Feb_11_1031,SART,59.85929020548522,
1,0.25,+,0.25,0.001,space,Stimuli/black.jpg,0.001,0,1,1,65,,,,,None,0,None,0,None,0,,001,2020_Feb_11_1031,SART,59.85929020548522,
2,0.25,+,0.25,0.001,space,Stimuli/black.jpg,0.001,0,2,2,156,,,,,None,0,None,0,None,0,,001,2020_Feb_11_1031,SART,59.85929020548522,
6,0.25,+,0.25,0.001,space,Stimuli/black.jpg,0.001,0,3,3,150,,,,,None,0,None,0,None,0,,001,2020_Feb_11_1031,SART,59.85929020548522,
9,0.25,+,0.25,0.001,space,Stimuli/black.jpg,0.001,0,4,4,117,,,,,None,0,None,0,None,0,,001,2020_Feb_11_1031,SART,59.85929020548522,
1,0.25,+,0.25,0.001,space,Stimuli/black.jpg,0.001,0,5,5,11,,,,,None,0,None,0,None,0,,001,2020_Feb_11_1031,SART,59.85929020548522,
3,0.25,+,0.25,0.001,none,Stimuli/black.jpg,0.001,0,6,6,6,,,,,None,1,None,1,None,1,,001,2020_Feb_11_1031,SART,59.85929020548522,
1,0.25,+,0.25,0.001,space,Stimuli/black.jpg,0.001,0,7,7,83,,,,,None,0,None,0,None,0,,001,2020_Feb_11_1031,SART,59.85929020548522,
1,0.25,+,0.25,0.001,space,Stimuli/black.jpg,0.001,0,8,8,74,,,,,None,0,None,0,None,0,,001,2020_Feb_11_1031,SART,59.85929020548522,
4,0.25,+,0.25,0.001,space,Stimuli/black.jpg,0.001,0,9,9,76,,,,,None,0,None,0,None,0,,001,2020_Feb_11_1031,SART,59.85929020548522,
8,0.25,+,0.25,0.001,space,Stimuli/black.jpg,0.001,0,10,10,152,,,,,None,0,None,0,None,0,,001,2020_Feb_11_1031,SART,59.85929020548522,
5,0.25,+,0.25,0.001,space,Stimuli/black.jpg,0.001,0,11,11,77,,,,,None,0,None,0,None,0,,001,2020_Feb_11_1031,SART,59.85929020548522,
7,0.25,+,0.25,0.001,space,Stimuli/black.jpg,0.001,0,12,12,61,,,,,None,0,None,0,None,0,,001,2020_Feb_11_1031,SART,59.85929020548522,
8,0.25,+,0.25,0.001,space,Stimuli/black.jpg,0.001,0,13,13,26,,,,,None,0,None,0,None,0,,001,2020_Feb_11_1031,SART,59.85929020548522,
4,0.25,+,0.25,0.001,space,Stimuli/black.jpg,0.001,0,14,14,121,,,,,None,0,None,0,None,0,,001,2020_Feb_11_1031,SART,59.85929020548522,
7,0.25,+,0.25,0.001,space,Stimuli/black.jpg,0.001,0,15,15,133,,,,,None,0,None,0,None,0,,001,2020_Feb_11_1031,SART,59.85929020548522,
4,0.25,+,0.25,0.001,space,Stimuli/black.jpg,0.001,0,16,16,49,,,,,None,0,None,0,None,0,,001,2020_Feb_11_1031,SART,59.85929020548522,
4,0.25,+,0.25,0.001,space,Stimuli/black.jpg,0.001,0,17,17,40,,,,,None,0,None,0,None,0,,001,2020_Feb_11_1031,SART,59.85929020548522,
9,0.25,+,0.25,0.001,space,Stimuli/black.jpg,0.001,0,18,18,27,,,,,None,0,None,0,None,0,,001,2020_Feb_11_1031,SART,59.85929020548522,
5,0.25,+,0.25,0.001,space,Stimuli/black.jpg,0.001,0,19,19,41,,,,,None,0,None,0,None,0,,001,2020_Feb_11_1031,SART,59.85929020548522,
8,0.25,+,0.25,0.001,space,Stimuli/black.jpg,0.001,0,20,20,62,,,,,None,0,None,0,None,0,,001,2020_Feb_11_1031,SART,59.85929020548522,
1,0.25,+,0.25,0.001,space,Stimuli/black.jpg,0.001,0,21,21,155,,,,,None,0,None,0,None,0,,001,2020_Feb_11_1031,SART,59.85929020548522,
5,0.25,+,0.25,0.001,space,Stimuli/black.jpg,0.001,0,22,22,23,,,,,None,0,None,0,None,0,,001,2020_Feb_11_1031,SART,59.85929020548522,
7,0.25,+,0.25,0.001,space,Stimuli/black.jpg,0.001,0,23,23,124,,,,,None,0,None,0,None,0,,001,2020_Feb_11_1031,SART,59.85929020548522,
0,0.25,+,0.25,0.001,space,Stimuli/black.jpg,0.001,0,24,24,28,,,,,None,0,None,0,None,0,,001,2020_Feb_11_1031,SART,59.85929020548522,
6,0.25,+,0.25,0.001,space,Stimuli/black.jpg,0.001,0,25,25,60,,,,,None,0,None,0,None,0,,001,2020_Feb_11_1031,SART,59.85929020548522,
1,0.25,+,0.25,0.001,space,Stimuli/black.jpg,0.001,0,26,26,38,,,,,None,0,None,0,None,0,,001,2020_Feb_11_1031,SART,59.85929020548522,
7,0.25,+,0.25,0.001,space,Stimuli/black.jpg,0.001,0,27,27,70,,,,,None,0,None,0,None,0,,001,2020_Feb_11_1031,SART,59.85929020548522,
2,0.25,+,0.25,0.001,space,Stimuli/black.jpg,0.001,0,28,28,57,,,,,None,0,None,0,None,0,,001,2020_Feb_11_1031,SART,59.85929020548522,
4,0.25,+,0.25,0.001,space,Stimuli/black.jpg,0.001,0,29,29,139,,,,,None,0,None,0,None,0,,001,2020_Feb_11_1031,SART,59.85929020548522,
0,0.25,+,0.25,0.001,space,Stimuli/black.jpg,0.001,0,30,30,91,,,,,None,0,None,0,None,0,,001,2020_Feb_11_1031,SART,59.85929020548522,
8,0.25,+,0.25,0.001,space,Stimuli/black.jpg,0.001,0,31,31,53,,,,,None,0,None,0,None,0,,001,2020_Feb_11_1031,SART,59.85929020548522,
8,0.25,+,0.25,0.001,space,Stimuli/black.jpg,0.001,0,32,32,107,,,,,None,0,None,0,None,0,,001,2020_Feb_11_1031,SART,59.85929020548522,
0,0.25,+,0.25,0.001,space,Stimuli/black.jpg,0.001,0,33,33,46,,,,,None,0,None,0,None,0,,001,2020_Feb_11_1031,SART,59.85929020548522,
1,0.25,+,0.25,0.001,space,Stimuli/black.jpg,0.001,0,34,34,56,,,,,None,0,None,0,None,0,,001,2020_Feb_11_1031,SART,59.85929020548522,
7,0.25,+,0.25,0.001,space,Stimuli/black.jpg,0.001,0,35,35,88,,,,,None,0,None,0,None,0,,001,2020_Feb_11_1031,SART,59.85929020548522,
4,0.25,+,0.25,0.001,space,Stimuli/black.jpg,0.001,0,36,36,103,,,,,None,0,None,0,None,0,,001,2020_Feb_11_1031,SART,59.85929020548522,
2,0.25,+,0.25,0.001,space,Stimuli/black.jpg,0.001,0,37,37,12,,,,,None,0,None,0,None,0,,001,2020_Feb_11_1031,SART,59.85929020548522,
1,0.25,+,0.25,0.001,space,Stimuli/black.jpg,0.001,0,38,38,92,,,,,None,0,None,0,None,0,,001,2020_Feb_11_1031,SART,59.85929020548522,
8,0.25,+,0.25,0.001,space,Stimuli/black.jpg,0.001,0,39,39,98,,,,,None,0,None,0,None,0,,001,2020_Feb_11_1031,SART,59.85929020548522,
0,0.25,+,0.25,0.001,space,Stimuli/black.jpg,0.001,0,40,40,109,,,,,None,0,None,0,None,0,,001,2020_Feb_11_1031,SART,59.85929020548522,
