text,Text_duration,text2,text2start,text2duration,corrAns,slider1Stop,slider2Start,slider2Stop,Practice.thisRepN,Practice.thisTrialN,Practice.thisN,Practice.thisIndex,key_resp_2.keys,key_resp_2.rt,key_resp_3.keys,key_resp_3.rt,Trial_Response.keys,Trial_Response.corr,secondQuestionResponse.keys,secondQuestionResponse.corr,slider1.response,slider1.rt,slider2.response,slider2.rt,ISI_Response.keys,ISI_Response.corr,participant,session,date,expName,frameRate,
,,,,,,,,,,,,,space,2.178082116848259,,,,,,,,,,,,,,001,2020_Feb_10_1521,SART,59.7291681187836,
,,,,,,,,,,,,,,,space,0.6861194884380666,,,,,,,,,,,,001,2020_Feb_10_1521,SART,59.7291681187836,
7,0.25,+,0.25,0.001,space,0.001,0.002,0.003,0,0,0,43,,,,,None,0,None,0,None,None,None,None,None,0,,001,2020_Feb_10_1521,SART,59.7291681187836,
4,0.25,+,0.25,0.001,space,0.001,0.002,0.003,0,1,1,139,,,,,None,0,None,0,None,None,None,None,None,0,,001,2020_Feb_10_1521,SART,59.7291681187836,
8,0.25,+,0.25,0.001,space,0.001,0.002,0.003,0,2,2,89,,,,,None,0,None,0,None,None,None,None,None,0,,001,2020_Feb_10_1521,SART,59.7291681187836,
2,0.25,+,0.25,0.001,space,0.001,0.002,0.003,0,3,3,57,,,,,None,0,None,0,None,None,None,None,None,0,,001,2020_Feb_10_1521,SART,59.7291681187836,
5,0.25,+,0.25,0.001,space,0.001,0.002,0.003,0,4,4,113,,,,,None,0,None,0,None,None,None,None,None,0,,001,2020_Feb_10_1521,SART,59.7291681187836,
0,0.25,+,0.25,0.001,space,0.001,0.002,0.003,0,5,5,73,,,,,None,0,None,0,None,None,None,None,None,0,,001,2020_Feb_10_1521,SART,59.7291681187836,
2,0.25,+,0.25,0.001,space,0.001,0.002,0.003,0,6,6,147,,,,,None,0,None,0,None,None,None,None,None,0,,001,2020_Feb_10_1521,SART,59.7291681187836,
9,0.25,+,0.25,0.001,space,0.001,0.002,0.003,0,7,7,117,,,,,None,0,None,0,None,None,None,None,None,0,,001,2020_Feb_10_1521,SART,59.7291681187836,
5,0.25,+,0.25,0.001,space,0.001,0.002,0.003,0,8,8,140,,,,,None,0,None,0,None,None,None,None,None,0,,001,2020_Feb_10_1521,SART,59.7291681187836,
7,0.25,+,0.25,0.001,space,0.001,0.002,0.003,0,9,9,70,,,,,None,0,None,0,None,None,None,None,None,0,,001,2020_Feb_10_1521,SART,59.7291681187836,
7,0.25,+,0.25,0.001,space,0.001,0.002,0.003,0,10,10,142,,,,,None,0,None,0,None,None,None,None,None,0,,001,2020_Feb_10_1521,SART,59.7291681187836,
8,0.25,+,0.25,0.001,space,0.001,0.002,0.003,0,11,11,143,,,,,None,0,None,0,None,None,None,None,None,0,,001,2020_Feb_10_1521,SART,59.7291681187836,
7,0.25,+,0.25,0.001,space,0.001,0.002,0.003,0,12,12,115,,,,,None,0,None,0,None,None,None,None,None,0,,001,2020_Feb_10_1521,SART,59.7291681187836,
5,0.25,+,0.25,0.001,space,0.001,0.002,0.003,0,13,13,86,,,,,None,0,None,0,None,None,None,None,None,0,,001,2020_Feb_10_1521,SART,59.7291681187836,
9,0.25,+,0.25,0.001,space,0.001,0.002,0.003,0,14,14,135,,,,,None,0,None,0,None,None,None,None,None,0,,001,2020_Feb_10_1521,SART,59.7291681187836,
5,0.25,+,0.25,0.001,space,0.001,0.002,0.003,0,15,15,104,,,,,None,0,None,0,None,None,None,None,None,0,,001,2020_Feb_10_1521,SART,59.7291681187836,
7,0.25,+,0.25,0.001,space,0.001,0.002,0.003,0,16,16,16,,,,,None,0,None,0,None,None,None,None,None,0,,001,2020_Feb_10_1521,SART,59.7291681187836,
7,0.25,+,0.25,0.001,space,0.001,0.002,0.003,0,17,17,106,,,,,None,0,None,0,None,None,None,None,None,0,,001,2020_Feb_10_1521,SART,59.7291681187836,
9,0.25,+,0.25,0.001,space,0.001,0.002,0.003,0,18,18,45,,,,,None,0,None,0,None,None,None,None,None,0,,001,2020_Feb_10_1521,SART,59.7291681187836,
4,0.25,+,0.25,0.001,space,0.001,0.002,0.003,0,19,19,40,,,,,None,0,None,0,None,None,None,None,None,0,,001,2020_Feb_10_1521,SART,59.7291681187836,
6,0.25,+,0.25,0.001,space,0.001,0.002,0.003,0,20,20,51,,,,,None,0,None,0,None,None,None,None,None,0,,001,2020_Feb_10_1521,SART,59.7291681187836,
3,0.25,+,0.25,0.001,none,0.001,0.002,0.003,0,21,21,6,,,,,None,1,None,1,None,None,None,None,None,1,,001,2020_Feb_10_1521,SART,59.7291681187836,
7,0.25,+,0.25,0.001,space,0.001,0.002,0.003,0,22,22,61,,,,,None,0,None,0,None,None,None,None,None,0,,001,2020_Feb_10_1521,SART,59.7291681187836,
4,0.25,+,0.25,0.001,space,0.001,0.002,0.003,0,23,23,112,,,,,None,0,None,0,None,None,None,None,None,0,,001,2020_Feb_10_1521,SART,59.7291681187836,
9,0.25,+,0.25,0.001,space,0.001,0.002,0.003,0,24,24,18,,,,,None,0,None,0,None,None,None,None,None,0,,001,2020_Feb_10_1521,SART,59.7291681187836,
4,0.25,+,0.25,0.001,space,0.001,0.002,0.003,0,25,25,85,,,,,None,0,None,0,None,None,None,None,None,0,,001,2020_Feb_10_1521,SART,59.7291681187836,
7,0.25,+,0.25,0.001,space,0.001,0.002,0.003,0,26,26,151,,,,,None,0,None,0,None,None,None,None,None,0,,001,2020_Feb_10_1521,SART,59.7291681187836,
0,0.25,+,0.25,0.001,space,0.001,0.002,0.003,0,27,27,154,,,,,None,0,None,0,None,None,None,None,None,0,,001,2020_Feb_10_1521,SART,59.7291681187836,
8,0.25,+,0.25,0.001,space,0.001,0.002,0.003,0,28,28,26,,,,,None,0,None,0,None,None,None,None,None,0,,001,2020_Feb_10_1521,SART,59.7291681187836,
6,0.25,+,0.25,0.001,space,0.001,0.002,0.003,0,29,29,105,,,,,None,0,None,0,None,None,None,None,None,0,,001,2020_Feb_10_1521,SART,59.7291681187836,
5,0.25,+,0.25,0.001,space,0.001,0.002,0.003,0,30,30,41,,,,,None,0,None,0,None,None,None,None,None,0,,001,2020_Feb_10_1521,SART,59.7291681187836,
0,0.25,+,0.25,0.001,space,0.001,0.002,0.003,0,31,31,64,,,,,None,0,None,0,None,None,None,None,None,0,,001,2020_Feb_10_1521,SART,59.7291681187836,
0,0.25,+,0.25,0.001,space,0.001,0.002,0.003,0,32,32,100,,,,,None,0,None,0,None,None,None,None,None,0,,001,2020_Feb_10_1521,SART,59.7291681187836,
6,0.25,+,0.25,0.001,space,0.001,0.002,0.003,0,33,33,114,,,,,None,0,None,0,None,None,None,None,None,0,,001,2020_Feb_10_1521,SART,59.7291681187836,
1,0.25,+,0.25,0.001,space,0.001,0.002,0.003,0,34,34,47,,,,,None,0,None,0,None,None,None,None,None,0,,001,2020_Feb_10_1521,SART,59.7291681187836,
"Where was your attention focused? 

Please respond with a number between 1 (on task) and 6 (off task). ",5.0,"How aware were you of where your attention was? 

Please respond with a number between 1 (aware) and 6 (unaware). ",5.0,5.0,"1,2,3,4,5,6",5.0,5.001,10.0,0,35,35,163,,,,,None,0,None,0,None,None,None,None,None,0,,001,2020_Feb_10_1521,SART,59.7291681187836,
1,0.25,+,0.25,0.001,space,0.001,0.002,0.003,0,36,36,83,,,,,None,0,None,0,None,None,None,None,None,0,,001,2020_Feb_10_1521,SART,59.7291681187836,
4,0.25,+,0.25,0.001,space,0.001,0.002,0.003,0,37,37,67,,,,,None,0,None,0,None,None,None,None,None,0,,001,2020_Feb_10_1521,SART,59.7291681187836,
,,,,,,,,,,,,,,,,,None,0,None,0,None,None,None,None,,,,,,,,
