text,Text_duration,text2,text2start,text2duration,corrAns,imageFile,imageDur,Practice.thisRepN,Practice.thisTrialN,Practice.thisN,Practice.thisIndex,key_resp_2.keys,key_resp_2.rt,key_resp_3.keys,key_resp_3.rt,Trial_Response.keys,Trial_Response.corr,secondQuestionResponse.keys,secondQuestionResponse.corr,ISI_Response.keys,ISI_Response.corr,participant,session,date,expName,frameRate,
,,,,,,,,,,,,space,1.1919123036641395,,,,,,,,,,001,2020_Feb_11_1005,SART,59.94041347903572,
,,,,,,,,,,,,,,space,0.587050496134907,,,,,,,,001,2020_Feb_11_1005,SART,59.94041347903572,
6,0.25,+,0.25,0.001,space,Stimuli/black.jpg,0.001,0,0,0,60,,,,,None,0,None,0,None,0,,001,2020_Feb_11_1005,SART,59.94041347903572,
5,0.25,+,0.25,0.001,space,Stimuli/black.jpg,0.001,0,1,1,41,,,,,None,0,None,0,None,0,,001,2020_Feb_11_1005,SART,59.94041347903572,
9,0.25,+,0.25,0.001,space,Stimuli/black.jpg,0.001,0,2,2,81,,,,,None,0,None,0,None,0,,001,2020_Feb_11_1005,SART,59.94041347903572,
0,0.25,+,0.25,0.001,space,Stimuli/black.jpg,0.001,0,3,3,46,,,,,None,0,None,0,None,0,,001,2020_Feb_11_1005,SART,59.94041347903572,
0,0.25,+,0.25,0.001,space,Stimuli/black.jpg,0.001,0,4,4,10,,,,,None,0,None,0,None,0,,001,2020_Feb_11_1005,SART,59.94041347903572,
5,0.25,+,0.25,0.001,space,Stimuli/black.jpg,0.001,0,5,5,23,,,,,None,0,None,0,None,0,,001,2020_Feb_11_1005,SART,59.94041347903572,
1,0.25,+,0.25,0.001,space,Stimuli/black.jpg,0.001,0,6,6,65,,,,,None,0,None,0,None,0,,001,2020_Feb_11_1005,SART,59.94041347903572,
4,0.25,+,0.25,0.001,space,Stimuli/black.jpg,0.001,0,7,7,148,,,,,None,0,None,0,None,0,,001,2020_Feb_11_1005,SART,59.94041347903572,
7,0.25,+,0.25,0.001,space,Stimuli/black.jpg,0.001,0,8,8,16,,,,,None,0,None,0,None,0,,001,2020_Feb_11_1005,SART,59.94041347903572,
0,0.25,+,0.25,0.001,space,Stimuli/black.jpg,0.001,0,9,9,118,,,,,None,0,None,0,None,0,,001,2020_Feb_11_1005,SART,59.94041347903572,
4,0.25,+,0.25,0.001,space,Stimuli/black.jpg,0.001,0,10,10,31,,,,,None,0,None,0,None,0,,001,2020_Feb_11_1005,SART,59.94041347903572,
9,0.25,+,0.25,0.001,space,Stimuli/black.jpg,0.001,0,11,11,135,,,,,None,0,None,0,None,0,,001,2020_Feb_11_1005,SART,59.94041347903572,
6,0.25,+,0.25,0.001,space,Stimuli/black.jpg,0.001,0,12,12,105,,,,,None,0,None,0,None,0,,001,2020_Feb_11_1005,SART,59.94041347903572,
2,0.25,+,0.25,0.001,space,Stimuli/black.jpg,0.001,0,13,13,39,,,,,None,0,None,0,None,0,,001,2020_Feb_11_1005,SART,59.94041347903572,
8,0.25,+,0.25,0.001,space,Stimuli/black.jpg,0.001,0,14,14,143,,,,,None,0,None,0,None,0,,001,2020_Feb_11_1005,SART,59.94041347903572,
"Where was your attention focused? 

Please respond with a number between 1 (on task) and 6 (off task). ",5.0,"How aware were you of where your attention was? 

Please respond with a number between 1 (aware) and 6 (unaware). ",5.0,5.0,"1,2,3,4,5,6",Stimuli/picture.jpg,10.0,0,15,15,160,,,,,None,0,None,0,None,0,,001,2020_Feb_11_1005,SART,59.94041347903572,
,,,,,,,,,,,,,,,,None,0,None,0,,,,,,,,
