text,Text_duration,text2,text2start,text2duration,corrAns,slider1Stop,slider2Start,slider2Stop,Practice.thisRepN,Practice.thisTrialN,Practice.thisN,Practice.thisIndex,key_resp_2.keys,key_resp_2.rt,key_resp_3.keys,key_resp_3.rt,Trial_Response.keys,Trial_Response.corr,secondQuestionResponse.keys,secondQuestionResponse.corr,rating.response,rating.rt,rating_2.response,rating_2.rt,ISI_Response.keys,ISI_Response.corr,participant,session,date,expName,frameRate,
,,,,,,,,,,,,,space,0.9136420160530179,,,,,,,,,,,,,,001,2020_Feb_10_1527,SART,59.78359923782453,
,,,,,,,,,,,,,,,space,0.5706508301759641,,,,,,,,,,,,001,2020_Feb_10_1527,SART,59.78359923782453,
0,0.25,+,0.25,0.001,space,0.001,0.002,0.003,0,0,0,91,,,,,None,0,None,0,4,6.049,4,6.029,None,0,,001,2020_Feb_10_1527,SART,59.78359923782453,
2,0.25,+,0.25,0.001,space,0.001,0.002,0.003,0,1,1,120,,,,,None,0,None,0,3,3.188,3,3.188,None,0,,001,2020_Feb_10_1527,SART,59.78359923782453,
,,,,,,,,,,,,,,,,,None,0,None,0,2,9.408,2,9.409,,,,,,,,
